asset_id	en	zh-CN	ja	es	fr	de
acoustic_guitar_stand	Guitar on a stand	支架上的吉他	スタンドのギター	Guitarra en su soporte	Guitare sur support	Gitarre im Ständer
antique_console_table	Console table	玄关桌	コンソールテーブル	Mesa consola	Table console	Konsolentisch
antique_vanity	Vanity with mirror	带镜梳妆台	鏡つきドレッサー	Tocador con espejo	Coiffeuse à miroir	Frisiertisch mit Spiegel
antique_wardrobe	Old wardrobe	老式衣柜	レトロなワードローブ	Armario antiguo	Vieille armoire	Alter Kleiderschrank
apple_chair	Apple chair	苹果椅	りんごのいす	Silla manzana	Chaise pomme	Apfelstuhl
arcade_cabinet_blue	Blue arcade game	蓝色街机	青いアーケードゲーム	Máquina recreativa azul	Borne d'arcade bleue	Blauer Spielautomat
arcade_cabinet_keys	Tile arcade game	麻将街机	牌のアーケードゲーム	Recreativa de fichas	Borne d'arcade à tuiles	Spielautomat mit Steinen
arcade_cabinet_red	Red arcade game	红色街机	赤いアーケードゲーム	Máquina recreativa roja	Borne d'arcade rouge	Roter Spielautomat
cash_machine	Cash machine	取款机	ATM	Cajero automático	Distributeur de billets	Geldautomat
celebratory_arch_gold	Golden party arch	金色庆典拱门	金色のお祝いアーチ	Arco dorado de fiesta	Arche de fête dorée	Goldener Festbogen
celebratory_arch_teal	Teal party arch	青色庆典拱门	青緑のお祝いアーチ	Arco turquesa de fiesta	Arche de fête turquoise	Türkiser Festbogen
handled_urn	Handled urn	双耳瓮	取っ手つきのつぼ	Urna con asas	Urne à anses	Henkelurne
pedestal_side_table	Pedestal side table	独脚边桌	一本脚のサイドテーブル	Mesita de pedestal	Guéridon	Säulenbeistelltisch
practice_amp	Practice amp	练习音箱	練習用アンプ	Amplificador pequeño	Petit ampli	Übungsverstärker
tall_case_clock	Grandfather clock	落地钟	のっぽの古時計	Reloj de pie	Horloge comtoise	Standuhr
anatomy_model	Anatomy model	人体模型	人体模型	Modelo anatómico	Modèle anatomique	Anatomiemodell
anchor_statue	Anchor statue	锚雕塑	いかりの像	Estatua de ancla	Statue d'ancre	Ankerstatue
cushion_stool	Cushion stool	软垫凳	クッションスツール	Taburete acolchado	Tabouret coussin	Polsterhocker
egg_lounge_chair	Egg lounge chair	蛋形躺椅	たまご型チェア	Sillón huevo	Fauteuil œuf	Eiersessel
folding_screen	Folding screen	折叠屏风	ついたて	Biombo	Paravent	Paravent
insect_house	Bug house	昆虫屋	虫のおうち	Casita de bichos	Maison à insectes	Insektenhaus
lab_machine	Lab machine	实验机器	ふしぎな実験マシン	Máquina de laboratorio	Machine de labo	Labormaschine
lattice_cabinet	Lattice cabinet	格子柜	格子の飾り棚	Mueble de celosía	Meuble à croisillons	Gitterschrank
low_platform_bed	Low platform bed	矮床	ロータイプのベッド	Cama baja	Lit bas	Niedriges Bett
oval_arch_table	Oval table	椭圆桌	だ円のテーブル	Mesa ovalada	Table ovale	Ovaler Tisch
paper_floor_lamp	Paper floor lamp	纸灯笼落地灯	和紙のフロアランプ	Lámpara de papel	Lampadaire en papier	Papier-Stehlampe
ram_rocker	Ram rocker	山羊摇椅	ひつじのゆりいす	Balancín carnero	Bélier à bascule	Schaukelwidder
saxophone_stand	Saxophone on a stand	支架上的萨克斯	スタンドのサックス	Saxofón en su soporte	Saxophone sur support	Saxofon im Ständer
slat_armchair	Slatted armchair	板条扶手椅	すのこのひじかけいす	Sillón de listones	Fauteuil à lattes	Lattensessel
wooden_signpost	Signpost	路标	道しるべ	Poste indicador	Panneau indicateur	Wegweiser
baby_crib	Baby crib	婴儿床	ベビーベッド	Cuna	Berceau	Babybett
ball_cart	Ball cart	球车	ボールかご	Carrito de pelotas	Chariot à ballons	Ballwagen
bamboo_basket	Bamboo basket	竹篮	竹かご	Cesta de bambú	Panier en bambou	Bambuskorb
bamboo_bench	Bamboo bench	竹长椅	竹のベンチ	Banco de bambú	Banc en bambou	Bambusbank
bamboo_floor_lantern	Bamboo floor lantern	竹落地灯	竹のフロアランプ	Farol de bambú	Lanterne en bambou	Bambus-Bodenlaterne
bamboo_noodle_slide	Bamboo noodle slide	竹制流水面	流しそうめん	Tobogán de fideos	Toboggan à nouilles	Bambus-Nudelrutsche
bamboo_partition	Bamboo partition	竹隔断	竹のしきり	Separador de bambú	Cloison en bambou	Bambus-Trennwand
bamboo_ring_shelf	Bamboo ring shelf	竹环架	竹の輪っか棚	Estante de aros de bambú	Étagère en anneaux de bambou	Bambus-Ringregal
child_tube_chair	Little tube chair	儿童筒椅	こどものつついす	Sillita de tubo	Petite chaise tube	Kinder-Röhrenstuhl
garden_pavilion	Garden pavilion	庭院亭子	あずまや	Cenador	Pavillon de jardin	Gartenpavillon
glowing_bamboo	Glowing bamboo	发光的竹子	光る竹	Bambú brillante	Bambou lumineux	Leuchtender Bambus
space_rock	Space rock	陨石	いん石	Roca espacial	Rocher spatial	Weltraumfelsen
space_suit_display	Space suit display	宇航服展示	宇宙服のかざり	Traje espacial expuesto	Combinaison spatiale exposée	Raumanzug-Ausstellung
top_load_washer	Washing machine	洗衣机	せんたくき	Lavadora	Machine à laver	Waschmaschine
wish_bamboo	Wishing bamboo	许愿竹	ささかざり	Bambú de los deseos	Bambou à vœux	Wunschbambus
accessory_rack	Accessory rack	饰品架	アクセサリースタンド	Perchero de accesorios	Présentoir à accessoires	Accessoireständer
aluminum_briefcase	Metal briefcase	金属手提箱	アルミのかばん	Maletín metálico	Mallette en métal	Metallkoffer
anchovy_model	Little fish model	小鱼模型	小魚の模型	Maqueta de pececito	Maquette de petit poisson	Kleines Fischmodell
angelfish_model	Angelfish model	神仙鱼模型	エンゼルフィッシュの模型	Maqueta de pez ángel	Maquette de poisson-ange	Skalar-Modell
ant_farm	Ant farm	蚂蚁农场	アリの飼育ケース	Granja de hormigas	Fourmilière	Ameisenfarm
ant_model	Ant model	蚂蚁模型	アリの模型	Maqueta de hormiga	Maquette de fourmi	Ameisenmodell
butterfly_model	Butterfly model	蝴蝶模型	チョウの模型	Maqueta de mariposa	Maquette de papillon	Schmetterlingsmodell
circulator_fan	Little fan	小风扇	小さなせんぷうき	Ventilador pequeño	Petit ventilateur	Kleiner Ventilator
clay_figurine	Clay figure	陶土人偶	土の人形	Figura de barro	Figurine en argile	Tonfigur
fried_fish_plate	Fried fish plate	炸鱼盘	魚フライのお皿	Plato de pescado frito	Assiette de poisson frit	Teller mit Backfisch
garlic_fish_skillet	Fish skillet	铁锅烤鱼	魚のスキレット	Sartén de pescado	Poêlon de poisson	Fischpfanne
kitchen_scale	Kitchen scale	厨房秤	キッチンスケール	Báscula de cocina	Balance de cuisine	Küchenwaage
tiered_tea_stand	Tea stand	茶点架	ティースタンド	Bandeja de té	Présentoir à thé	Etagere
apple_jam_jars	Apple jam jars	苹果酱罐	りんごジャムのびん	Tarros de mermelada	Pots de confiture	Apfelmusgläser
apple_jelly_plate	Apple jelly	苹果果冻	りんごゼリー	Gelatina de manzana	Gelée de pomme	Apfelgelee
apple_pie_plate	Apple pie	苹果派	アップルパイ	Tarta de manzana	Tarte aux pommes	Apfelkuchen
apple_smoothie	Apple smoothie	苹果奶昔	りんごスムージー	Batido de manzana	Smoothie à la pomme	Apfel-Smoothie
apple_tart_slice	Apple tart slice	苹果挞	りんごタルト	Porción de tarta	Part de tarte	Apfeltörtchen
arapaima_model	Big fish model	大鱼模型	大きな魚の模型	Maqueta de pez grande	Maquette de grand poisson	Großes Fischmodell
arched_table_radio	Table radio	台式收音机	卓上ラジオ	Radio de mesa	Radio de table	Tischradio
aroma_burner	Aroma burner	香薰炉	アロマポット	Quemador de aromas	Brûle-parfum	Duftlampe
arowana_model	Silver fish model	银鱼模型	銀色の魚の模型	Maqueta de pez plateado	Maquette de poisson argenté	Silberfisch-Modell
backlit_box_sign	Lit sign	灯箱招牌	光る看板	Letrero luminoso	Enseigne lumineuse	Leuchtschild
brass_cash_register	Cash register	收银机	レジスター	Caja registradora	Caisse enregistreuse	Registrierkasse
map_on_easel	Map on an easel	画架上的地图	イーゼルの地図	Mapa en caballete	Carte sur chevalet	Karte auf Staffelei
plush_bear	Plush bear	毛绒小熊	くまのぬいぐるみ	Osito de peluche	Ourson en peluche	Plüschbär
plush_panda	Plush panda	毛绒熊猫	パンダのぬいぐるみ	Panda de peluche	Panda en peluche	Plüschpanda
bagworm_model	Bagworm model	蓑衣虫模型	ミノムシの模型	Maqueta de oruga	Maquette de chenille	Raupenmodell
baked_potatoes_plate	Baked potatoes	烤土豆	ベイクドポテト	Patatas asadas	Pommes de terre au four	Ofenkartoffeln
bamboo_candle_cup	Bamboo candle	竹烛台	竹のキャンドル	Vela de bambú	Bougie en bambou	Bambuskerze
bamboo_lunch_basket	Bamboo lunch box	竹饭盒	竹のお弁当箱	Fiambrera de bambú	Panier-repas en bambou	Bambus-Brotdose
bamboo_shoot_lamp	Bamboo shoot lamp	竹笋灯	たけのこランプ	Lámpara brote	Lampe pousse de bambou	Bambussprossen-Lampe
bamboo_shoot_soup	Bamboo shoot soup	竹笋汤	たけのこ汁	Sopa de brotes	Soupe aux pousses	Bambussprossen-Suppe
bamboo_slit_drum	Bamboo drum	竹鼓	竹の太鼓	Tambor de bambú	Tambour en bambou	Bambustrommel
basketball	Basketball	篮球	バスケットボール	Balón de baloncesto	Ballon de basket	Basketball
beach_ball	Beach ball	沙滩球	ビーチボール	Pelota de playa	Ballon de plage	Wasserball
berliner_plate	Jam doughnut	果酱甜甜圈	ジャムドーナツ	Berlina	Beignet à la confiture	Berliner
cricket_model	Cricket model	蟋蟀模型	コオロギの模型	Maqueta de grillo	Maquette de grillon	Grillenmodell
deep_sea_fish_model	Deep-sea fish model	深海鱼模型	深海魚の模型	Maqueta de pez abisal	Maquette de poisson abyssal	Tiefseefisch-Modell
fish_carpaccio_plate	Fish carpaccio	鱼片冷盘	魚のカルパッチョ	Carpaccio de pescado	Carpaccio de poisson	Fisch-Carpaccio
striped_fish_model	Striped fish model	条纹鱼模型	しまもようの魚の模型	Maqueta de pez rayado	Maquette de poisson rayé	Streifenfisch-Modell
woven_bamboo_sphere	Woven bamboo ball	竹编球	竹あみボール	Bola de bambú tejido	Boule en bambou tressé	Geflochtene Bambuskugel
bamboo_wall_spray	Bamboo wall spray	竹壁饰	竹の壁かざり	Adorno de bambú	Décor mural en bambou	Bambus-Wandschmuck
blue_rose_wreath	Blue rose wreath	蓝玫瑰花环	青いバラのリース	Corona de rosas azules	Couronne de roses bleues	Blaurosenkranz
breaker_box	Breaker box	配电箱	ブレーカー	Caja de fusibles	Tableau électrique	Sicherungskasten
broom_and_dustpan	Broom and dustpan	扫帚和簸箕	ほうきとちりとり	Escoba y recogedor	Balai et pelle	Besen und Schaufel
bust_relief_plaque	Portrait plaque	肖像浮雕牌	肖像のレリーフ	Placa con relieve	Plaque à portrait	Porträtrelief
butterfly_plaque	Butterfly plaque	蝴蝶标本牌	チョウの標本額	Placa de mariposa	Plaque papillon	Schmetterlingstafel
egg_bow_wreath	Egg wreath	彩蛋花环	たまごのリース	Corona de huevos	Couronne d'œufs	Eierkranz
egg_light_garland	Egg light garland	彩蛋灯串	たまごのライトガーランド	Guirnalda de huevos	Guirlande lumineuse d'œufs	Eier-Lichterkette
egg_wall_clock	Egg wall clock	彩蛋挂钟	たまごのかけ時計	Reloj huevo	Horloge œuf	Eier-Wanduhr
fish_trophy_wall	Fish trophy	鱼标本挂饰	魚の壁かざり	Trofeo de pez	Trophée de poisson	Fischtrophäe
framed_painting_night	Night painting	夜景画	夜の絵	Cuadro nocturno	Tableau de nuit	Nachtbild
framed_painting_portrait	Portrait painting	肖像画	人物の絵	Retrato	Portrait	Porträtbild
framed_painting_ring	Ring painting	圆环画	輪の絵	Cuadro de anillos	Tableau aux anneaux	Ringbild
green_bulletin_board	Bulletin board	布告栏	けいじばん	Tablón de anuncios	Panneau d'affichage	Anschlagtafel
round_award_plaque	Award plaque	奖牌匾	表彰の盾	Placa de premio	Plaque de récompense	Auszeichnungstafel
signed_card_frames	Card frames	卡片相框	カードの額	Marcos de cromos	Cadres à cartes	Kartenrahmen
towel_rack	Towel rack	毛巾架	タオルかけ	Toallero	Porte-serviettes	Handtuchhalter
wall_air_conditioner	Air conditioner	空调	エアコン	Aire acondicionado	Climatiseur	Klimaanlage
wall_boomerang	Boomerang	回旋镖	ブーメラン	Bumerán	Boomerang	Bumerang
wall_crank_phone	Crank phone	手摇电话	手回し電話	Teléfono de manivela	Téléphone à manivelle	Kurbeltelefon
blossom_wall_clock	Blossom clock	樱花挂钟	花のかけ時計	Reloj de flores	Horloge fleurie	Blütenuhr
cherry_wall_lamp	Cherry wall lamp	樱桃壁灯	さくらんぼのかべランプ	Lámpara cereza	Applique cerise	Kirschen-Wandlampe
chic_cosmos_wreath	Chic cosmos wreath	雅致波斯菊花环	シックなコスモスのリース	Corona de cosmos elegante	Couronne de cosmos chic	Schicker Schmuckkörbchenkranz
chic_windflower_wreath	Chic anemone wreath	雅致银莲花环	シックなアネモネのリース	Corona de anémonas elegante	Couronne d'anémones chic	Schicker Anemonenkranz
coconut_wall_planter	Coconut planter	椰子壁挂盆	ココナッツの壁かけ鉢	Maceta de coco	Jardinière noix de coco	Kokosnuss-Wandtopf
cool_hyacinth_wreath	Cool hyacinth wreath	冷色风信子花环	クールなヒヤシンスのリース	Corona de jacintos	Couronne de jacinthes	Kühler Hyazinthenkranz
cool_pansy_wreath	Cool pansy wreath	冷色三色堇花环	クールなパンジーのリース	Corona de pensamientos	Couronne de pensées	Kühler Stiefmütterchenkranz
cool_windflower_wreath	Cool anemone wreath	冷色银莲花环	クールなアネモネのリース	Corona de anémonas	Couronne d'anémones	Kühler Anemonenkranz
cork_board	Cork board	软木板	コルクボード	Tablero de corcho	Tableau en liège	Korktafel
cosmos_wreath	Cosmos wreath	波斯菊花环	コスモスのリース	Corona de cosmos	Couronne de cosmos	Schmuckkörbchenkranz
crest_doorplate	Crest doorplate	徽章门牌	紋章の表札	Placa con escudo	Plaque à blason	Wappenschild
cuckoo_wall_clock	Cuckoo clock	布谷鸟钟	はと時計	Reloj de cuco	Coucou	Kuckucksuhr
dark_lily_wreath	Dark lily wreath	深色百合花环	ダークなユリのリース	Corona de lirios oscuros	Couronne de lys sombres	Dunkler Lilienkranz
dark_rose_wreath	Dark rose wreath	深色玫瑰花环	ダークなバラのリース	Corona de rosas oscuras	Couronne de roses sombres	Dunkler Rosenkranz
dark_tulip_wreath	Dark tulip wreath	深色郁金香花环	ダークなチューリップのリース	Corona de tulipanes oscuros	Couronne de tulipes sombres	Dunkler Tulpenkranz
dried_flower_garland	Dried flower garland	干花花串	ドライフラワーのガーランド	Guirnalda de flores secas	Guirlande de fleurs séchées	Trockenblumengirlande
framed_painting_field	Field painting	田野画	野原の絵	Cuadro de campo	Tableau champêtre	Feldbild
framed_painting_park	Park painting	公园画	公園の絵	Cuadro del parque	Tableau du parc	Parkbild
framed_painting_scroll	Scroll painting	卷轴画	かけじくの絵	Pintura en rollo	Peinture sur rouleau	Rollbild
neon_ring_clock	Neon clock	霓虹钟	ネオン時計	Reloj de neón	Horloge néon	Neonuhr
plush_wall_shelf	Plush wall shelf	毛绒壁架	ぬいぐるみの壁だな	Repisa de peluches	Étagère à peluches	Plüsch-Wandregal
station_wall_clock	Station clock	车站钟	駅の時計	Reloj de estación	Horloge de gare	Bahnhofsuhr
baseball_set	Baseball set	棒球套装	野球セット	Set de béisbol	Kit de baseball	Baseball-Set
bath_bucket	Bath bucket	浴桶	湯おけ	Cubo de baño	Seau de bain	Badeeimer
